Trait,SNP,p,-log10(p),Pos
Yield,SNP_151,9.561083447466187e-13,12.019492891343688,150
Yield,SNP_1801,5.611995015791147e-07,6.25088272335561,1800
Yield,SNP_11,8.407342177497948e-07,6.075341276506349,10
Grain_weight,SNP_1201,1.6708468680043502e-41,40.77706335108097,1200
Grain_weight,SNP_3501,2.4441319139946564e-22,21.611875358178285,3500
Grain_weight,SNP_6,6.664949374212058e-19,18.176203145062402,5
