SNP,p,-log10(p),Pos
SNP_151,9.561083447466187e-13,12.019492891343688,150
SNP_1801,5.611995015791147e-07,6.25088272335561,1800
SNP_11,8.407342177497948e-07,6.075341276506349,10
