SNP,p,-log10(p),Pos
SNP_1201,1.6708468680043502e-41,40.77706335108097,1200
SNP_3501,2.4441319139946564e-22,21.611875358178285,3500
SNP_6,6.664949374212058e-19,18.176203145062402,5
